私でもできますか？,私でもできますか？,,,,,,,,,,,,,,,,,,,,,
分蜂,分蜂、捕獲,,,,,,,,,,,,分封,分蜂,,,,,,,,
分蜂時期,,,,,,,,,,,,,分蜂時期,分蜂の時期,捕獲時期,,,,,,,
捕獲,分蜂、捕獲,,捕獲,,,,,,,,,,,,,,,,,,,
巣箱の移動,巣箱の移動,,移動,,,,,,,,,,,,,,,,,,,
継ぎ箱,,,,,,,,,,,,,継箱,継ぎ箱,,,,,,,,
無王群,,,,,,,,,,,,,無王群,,,,,,,,,
孫分蜂,夏分蜂、捕獲,,,,,,,,,,,,夏分蜂,孫分蜂,,,,,,,,
巣枠式巣箱,巣枠式巣箱,,,,,,,,,,,,巣枠式巣箱,巣枠式,,,,,,,,
重箱式巣箱,重箱式巣箱,,重箱,継箱,継ぎ箱,,,,,,,,,,,,,,,,,
角洞式巣箱,,,,,,,,,,,,,角洞,,,,,,,,,
丸洞式巣箱,丸洞式巣箱,,,,,,,,,,,,丸洞,丸太巣箱,,,,,,,,
ハイブリッド巣箱,,,,,,,,,,,,,ハイブリッド,,,,,,,,,
スノコ,,,,,,,,,,,,,スノコ,すのこ,,,,,,,,
待ち箱,,,,,,,,,,,,,待ち箱,待ち受け箱,,,,,,,,
カビ,,,,,,,,,,,,,カビ,,,,,,,,,
巣箱の材質,,,,,,,,,,,,,,,,,,,,,,
巣箱設置場所,巣箱設置場所,,設置場所,,,,,,,,,,,,,,,,,,,
自然巣,自然巣駆除 ,,お墓,,,,,,,,,,自然巣,,,,,,,,,
分蜂誘導板,,,,,,,,,,,,,分蜂誘導板,,,,,,,,,
逃去防止器,,,,,,,,,,,,,逃去防止器,ハチマイッター,,,,,,,,
巣門,,,,,,,,,,,,,巣門,,,,,,,,,
底板,,,底板,,,,,,,,,,,,,,,,,,,
ハチミツ,ハチミツ,,,,,,,,,,,,,,,,,,,,,
セイヨウミツバチ,セイヨウミツバチ,,,,,,,,,,,,セイヨウミツバチ,西洋ミツバチ,西洋蜜蜂,洋蜂,,,,,,
キンリョウヘン,キンリョウヘンの育て方,キンリョウヘンの使い方,金陵辺,金稜辺,キンリョウヘン,,,,,,,,,,,,,,,,,
キンリョウヘンの株分け,,,,,,,,,,,,,株分け,,,,,,,,,
分蜂誘引剤,分蜂誘引剤,,誘引剤,ルアー,,,,,,,,,,,,,,,,,,
探索蜂,,,,,,,,,,,,,探索蜂,,,,,,,,,
蜜蝋,蜜蝋,,,,,,,,,,,,,,,,,,,,,
花粉,,,花粉,,,,,,,,,,,,,,,,,,,
捕獲直後の管理,,,,,,,,,,,,,,,,,,,,,,
採蜜,採蜜,,採密,採蜜,,,,,,,,,,,,,,,,,,
スズメバチ,スズメバチ,,,,,,,,,,,,オオスズメバチ,キイロスズメバチ,,,,,,,,
オオスズメバチ,,,,,,,,,,,,,オオスズメバチ,,,,,,,,,
キイロスズメバチ,,,,,,,,,,,,,キイロスズメバチ,,,,,,,,,
スムシ,スムシ,,スムシ,巣虫,,,,,,,,,ハチノスツヅリガ,,,,,,,,,
クマ,,,,,,,,,,,,,クマ,熊,,,,,,,,
アリ,,,,,,,,,,,,,アリ,蟻,,,,,,,,
ツバメ,,,,,,,,,,,,,ツバメ,,,,,,,,,
外敵,,,ツバメ,アリ,蟻,クマ,熊,スムシ,スズメバチ,ゴキブリ,イノシシ,クモ,,,,,,,,,,
ゴキブリ,,,,,,,,,,,,,ゴキブリ,,,,,,,,,
カラス,,,,,,,,,,,,,カラス,からす,,,,,,,,
クモ,,,,,,,,,,,,,蜘蛛,クモ,,,,,,,,
イノシシ,,,,,,,,,,,,,イノシシ,猪,,,,,,,,
カエル,,,,,,,,,,,,,カエル,,,,,,,,,
ナメクジ,,,,,,,,,,,,,ナメクジ,,,,,,,,,
越冬,,,,,,,,,,,,,越冬,,,,,,,,,
冬の飼育方法,冬の飼育方法、越冬,,,,,,,,,,,,越冬,,,,,,,,,
給餌,給餌,,,,,,,,,,,,人工花粉,給餌,,,,,,,,
人工花粉,,,,,,,,,,,,,人工花粉,,,,,,,,,
春の飼育方法,春の飼育、管理,,,,,,,,,,,,,,,,,,,,,
夏の飼育方法,夏の飼育方法、管理,,,,,,,,,,,,,,,,,,,,,
暑さ対策,,,,,,,,,,,,,暑さ対策,,,,,,,,,
蜜源植物,蜜源植物,,,,,,,,,,,,トリカブト,,,,,,,,,
トリカブト,,,,,,,,,,,,,トリカブト,ビービーツリー,セイタカアワダチソウ,,,,,,,
セイタカアワダチソウ,,,,,,,,,,,,,背高泡立ち草,セイタカアワダチソウ,,,,,,,,
ビービーツリー,,,,,,,,,,,,,ビービーツリー,,,,,,,,,
ニホンミツバチの生態,ニホンミツバチの生態,,,,,,,,,,,,,,,,,,,,,
逃亡,逃亡しました,,,,,,,,,,,,,,,,,,,,,
巣落ち,,,,,,,,,,,,,巣落ち,巣板落下,,,,,,,,
巣落ち防止,,,,,,,,,,,,,巣落ち防止,巣落防止,,,,,,,,
アカリンダニ,アカリンダニ,,,,,,,,,,,,アカリンダニ,,,,,,,,,
B401,,,,,,,,,,,,,B401,,,,,,,,,
ショートニングパテ,,,,,,,,,,,,,ショートニングパテ,,,,,,,,,
メントール,,,,,,,,,,,,,メントール,,,,,,,,,
ミツバチの異変,アカリンダニ,ミツバチの異変(子捨てなど),死,,,,,,,,,,大量死,子捨て,ザックブルート,病気,,,,,,
農薬被害,農薬被害など,,殺虫剤,農薬,,,,,,,,,,,,,,,,,,
子捨て,,,,,,,,,,,,,子捨て,蜂子出し,幼児捨て,,,,,,,
ザックブルート病,,,,,,,,,,,,,ザックブルート,,,,,,,,,
ミツバチが外に溢れる,,,,,,,,,,,,,,,,,,,,,,
時騒ぎ,,,,,,,,,,,,,時騒ぎ,時さわぎ,,,,,,,,
ご近所トラブル,,,,,,,,,,,,,,,,,,,,,,
Q&Aの使い方,Q&Aの使い方,,,,,,,,,,,,ベストアンサー,,,,,,,,,
分蜂マップ,,,,,,,,,,,,,分蜂マップ,http://www.mitsubachi-map.com/,,,,,,,,
フン害,,,,,,,,,,,,,糞,フン害,フンの害,,,,,,,
大量死,,,,,,,,,,,,,大量死,,,,,,,,,
自己紹介,,,,,,,,,,,,,,,,,,,,,,
女王蜂,,,女王,,,,,,,,,,,,,,,,,,,
王台,,,,,,,,,,,,,王台,,,,,,,,,
雄蜂,,,,,,,,,,,,,雄蜂,雄バチ,オバチ,雄ハチ,,,,,,
雄蜂のフタ,,,,,,,,,,,,,雄蜂の蓋,オバチのフタ,雄蜂のフタ,,,,,,,
働き蜂,,,,,,,,,,,,,働き蜂,働きばち,働きバチ,,,,,,,
内検,,,,,,,,,,,,,内検,,,,,,,,,
サイトのアンケート,,,,,,,,,,,,,,,,,,,,,,
運営からのお知らせ,,,,,,,,,,,,,,,,,,,,,,
フローハイブ,,,,,,,,,,,,,Flow Hive,flow-hive,フローハイブ,,,,,,,
この蜂は何？,,,,,,,,,,,,,,,,,,,,,,
アレルギー,,,,,,,,,,,,,アレルギー,,,,,,,,,
アナフィラキシーショック,,,,,,,,,,,,,アナフィラキシーショック,,,,,,,,,
ヨモギ乳酸菌,,,,,,,,,,,,,ヨモギ乳酸菌,,,,,,,,,
巣箱の焼き,,,,,,,,,,,,,焼入れ,,,,,,,,,
巣箱の日除け,,,,,,,,,,,,,日除け,,,,,,,,,
交尾,,,,,,,,,,,,,交尾,,,,,,,,,
迷い蜂,,,,,,,,,,,,,迷い蜂,迷いバチ,,,,,,,,
台風,,,,,,,,,,,,,台風,,,,,,,,,
鉄製台,,,,,,,,,,,,,鉄製台,,,,,,,,,
トリカルネット,,,,,,,,,,,,,トリカルネット,,,,,,,,,
住宅地,,,,,,,,,,,,,住宅地,,,,,,,,,
ベランダ,,,,,,,,,,,,,ベランダ,,,,,,,,,
蜂球,,,,,,,,,,,,,蜂球,,,,,,,,,
盗蜜,,,,,,,,,,,,,盗蜜,,,,,,,,,
開放巣,,,,,,,,,,,,,開放巣,,,,,,,,,
接着剤,,,,,,,,,,,,,ボンド,接着剤,,,,,,,,
面布,,,,,,,,,,,,,面布,,,,,,,,,
フソ病,,,,,,,,,,,,,フソ病,,,,,,,,,
飼育届け,,,,,,,,,,,,,飼育届,届け出,,,,,,,,
アク抜き,,,,,,,,,,,,,あく抜き,あくぬき,アクぬき,,,,,,,
